Name,Set code,Set name,Collector number,Foil,Rarity,Quantity,ManaBox ID,Scryfall ID,Purchase price,Misprint,Altered,Condition,Language,Purchase price currency
"Izoni, Thousand-Eyed",M3C,Modern Horizons 3 Commander,267,normal,rare,1,95130,95a3dfe3-88ab-4820-ae5e-2f5edd4d6f2f,,false,false,near_mint,en,EUR
Satyr Wayfinder,M3C,Modern Horizons 3 Commander,244,normal,common,1,94938,434bb07c-7b70-415e-80dd-317af0ef8bf7,,false,false,near_mint,en,EUR
Elvish Mystic,CMM,Commander Masters,284,normal,common,1,84500,75918859-c93f-41b4-9ad0-a4a96c389f0d,,false,false,near_mint,en,EUR
Delighted Halfling,LTR,The Lord of the Rings: Tales of Middle-earth,158,normal,rare,1,83185,71384418-173a-4f77-adab-56e52fa23692,,false,false,near_mint,en,EUR
Young Wolf,INR,Innistrad Remastered,319,normal,common,1,101868,5e1108d8-6dd5-4275-956d-4a787af16d0f,,false,false,near_mint,en,EUR
Changeling Outcast,OTC,Outlaws of Thunder Junction Commander,128,normal,common,1,93798,ab499df5-ed76-43ad-81b3-70afd0487ccd,,false,false,near_mint,en,EUR
Universal Automaton,MH1,Modern Horizons,235,normal,common,1,44699,53c682e2-c90f-4f4b-9010-00b099e85518,,false,false,near_mint,en,EUR
Fang of Shigeki,NEO,Kamigawa: Neon Dynasty,183,normal,common,1,66512,2dd0fef1-209f-4de5-a736-8f9bca2faa0a,,false,false,near_mint,en,EUR
Spore Frog,BLC,Bloomburrow Commander,238,normal,common,1,96237,3164ebb4-269a-4be6-a535-a112303f9fe8,,false,false,near_mint,en,EUR
Snarling Gorehound,MKM,Murders at Karlov Manor,105,normal,common,1,91055,93ab3e11-8584-406f-b9ae-9e1df4396cbc,,false,false,near_mint,en,EUR
Aftermath Analyst,MKM,Murders at Karlov Manor,148,normal,uncommon,1,90686,1c1aa6f8-2d34-4f4b-9184-0eab2e4745f7,,false,false,near_mint,en,EUR
Llanowar Visionary,M21,Core Set 2021,193,normal,common,1,51025,d6e23afa-7e08-4049-baf0-d4d0134ba2c8,,false,false,near_mint,en,EUR
Grapple with the Past,INR,Innistrad Remastered,199,normal,common,1,102405,06e0c180-2275-461a-86e7-8ccdc5f47938,,false,false,near_mint,en,EUR
Hermit Druid,INR,Innistrad Remastered,202,normal,rare,1,102498,39c66895-9c2d-49db-8261-e300a69b6cd5,,false,false,near_mint,en,EUR
Farhaven Elf,KHC,Kaldheim Commander,62,normal,common,1,57205,320d0a4c-c556-4468-b934-bfdf17961a53,,false,false,near_mint,en,EUR
Elvish Visionary,CMR,Commander Legends,223,normal,common,1,55812,a2f174e6-9532-4fc3-815b-2dc3966c6523,,false,false,near_mint,en,EUR
Ambush Viper,INR,Innistrad Remastered,186,normal,common,1,102491,37f9be6b-ae6e-4708-9749-83bebd351102,,false,false,near_mint,en,EUR
Putrid Goblin,MH1,Modern Horizons,101,normal,common,1,44833,333406d5-abcc-4629-a33b-395d0662ba1b,,false,false,near_mint,en,EUR
Doomed Dissenter,M19,Core Set 2019,93,normal,common,1,1219,a1f70ee8-7e59-43d6-a7b2-29cb5cd1d8b3,,false,false,near_mint,en,EUR
Fleshbag Marauder,CMR,Commander Legends,128,normal,common,1,55639,4002b3a4-e00e-44ed-8989-d553e5d7d6c8,,false,false,near_mint,en,EUR
Village Rites,M21,Core Set 2021,126,normal,common,1,50910,9c0f60a6-b5c8-4704-8b61-94e8fc463e5d,,false,false,near_mint,en,EUR
Bone Splinters,GNT,Game Night,27,normal,common,1,43262,58618b80-0c7e-421a-9f9f-d51a9a7784a4,,false,false,near_mint,en,EUR
Spark Harvest,CMR,Commander Legends,150,normal,common,1,55942,e4d42177-dd1b-482c-a549-6f563b3f3249,,false,false,near_mint,en,EUR
Return to Nature,AFC,Forgotten Realms Commander,169,normal,common,1,60699,4bebe9fa-1697-48fc-9044-cd58a3eab836,,false,false,near_mint,en,EUR
Assassin's Trophy,MKM,Murders at Karlov Manor,187,normal,rare,1,91290,ed6c7d29-71b4-4134-b591-5598f479d592,,false,false,near_mint,en,EUR
Marauding Blight-Priest,FDN,Foundations,178,normal,common,1,101528,5f70dafc-c638-4ec0-ab5b-62998f752720,,false,false,near_mint,en,EUR
Gray Merchant of Asphodel,DSC,Duskmourn: House of Horror Commander,142,normal,uncommon,1,99034,00d001d0-fd29-4b7c-9d0e-9131b995f910,,false,false,near_mint,en,EUR
Death Baron,FDN,Foundations,521,normal,rare,1,100345,34a27142-cf45-4164-9e10-373e5c8bf7c6,,false,false,near_mint,en,EUR
Underworld Dreams,DPA,Duels of the Planeswalkers,35,normal,rare,1,21672,960c53f5-6d28-4bc4-b6a1-345f2a2a97f8,,false,false,near_mint,es,EUR
Oversold Cemetery,WOT,Wilds of Eldraine: Enchanting Tales,33,normal,rare,1,85377,48a6cfd3-20bb-431b-b3f5-bb32a26e5002,,false,false,near_mint,es,EUR
Corpse Churn,CMR,Commander Legends,113,normal,common,1,56098,6fedb37f-4f3c-477c-84c0-aa864e87c111,,false,false,near_mint,en,EUR
Revive the Shire,LTR,The Lord of the Rings: Tales of Middle-earth,185,normal,common,1,83045,46b7f493-1b57-4b07-8510-30703282f879,,false,false,near_mint,en,EUR
Abundance,40K,"Warhammer 40,000 Commander",210,normal,rare,1,72373,51d27db7-3c11-4896-a8f9-2f7f7beeec18,,false,false,near_mint,es,EUR
Casualties of War,KHC,Kaldheim Commander,83,normal,rare,1,57277,e5a2a709-0273-48a3-874b-13aff4872b0a,,false,false,near_mint,en,EUR
Meteor Golem,FDN,Foundations,256,normal,uncommon,1,101167,d291ea1e-36bc-46b3-b3ae-084fa0ba69eb,,false,false,near_mint,en,EUR
Thrashing Brontodon,FDN,Foundations,560,normal,uncommon,1,101519,592364bf-68b5-4ea0-97d6-c7cadce940fd,,false,false,near_mint,en,EUR
Perilous Myr,CMR,Commander Legends,330,normal,common,1,55695,5a15c8ef-04ad-4aab-a7f1-c7a90c10eb50,,false,false,near_mint,en,EUR
Patchwork Banner,BLB,Bloomburrow,247,normal,uncommon,1,96097,a8a982c8-bc08-44ba-b3ed-9e4b124615d6,,false,false,near_mint,en,EUR
Prophetic Prism,DMC,Dominaria United Commander,189,normal,common,1,71652,a0dcb495-9562-4961-b095-8b844dfdb601,,false,false,near_mint,en,EUR
Abundant Growth,INR,Innistrad Remastered,184,normal,common,1,102789,d15adc93-1a71-453b-8277-4a525a9cbc7b,,false,false,near_mint,en,EUR
Stocking the Pantry,BLB,Bloomburrow,194,normal,uncommon,1,96033,50e95c7b-f0b2-4276-8c5e-4191b7ba35d1,,false,false,near_mint,en,EUR
Death's Presence,40K,"Warhammer 40,000 Commander",212,normal,rare,1,72587,fe4069fc-947d-4902-ab96-3994df4cc0d8,,false,false,near_mint,es,EUR
Forgotten Ancient,MOC,March of the Machine Commander,297,normal,rare,1,81813,90fc94d9-b8af-4de8-a42d-ae508f8f1cd5,,false,false,near_mint,en,EUR
Ivy Lane Denizen,CLU,Ravnica: Clue Edition,166,normal,common,1,91149,b6936a91-db5d-4977-a851-2dc6a4141ceb,,false,false,near_mint,en,EUR
Valley Rotcaller,BLB,Bloomburrow,119,normal,rare,1,95781,4da80a9a-b1d5-4fc5-92f7-36946195d0c7,,false,false,near_mint,en,EUR
Exotic Orchard,40K,"Warhammer 40,000 Commander",278,normal,rare,1,72563,ec9c7011-694b-4705-b85c-bf4edf26e437,,false,false,near_mint,es,EUR
Path of Ancestry,DRC,Aetherdrift Commander,166,normal,common,1,103021,4898fba1-d692-4440-bfff-ae535bdc1ba8,,false,false,near_mint,en,EUR
Opal Palace,M3C,Modern Horizons 3 Commander,361,normal,common,1,94972,76219ec4-65dc-4137-9b3b-070e02524397,,false,false,near_mint,en,EUR
Thriving Moor,DSC,Duskmourn: House of Horror Commander,317,normal,common,1,99201,7057e66a-8b5d-40d1-a685-124a8e0623c3,,false,false,near_mint,en,EUR
Voldaren Estate,LCC,The Lost Caverns of Ixalan Commander,369,normal,rare,1,88326,1fcbc704-4fb3-49c3-9040-aa1681e86e2c,,false,false,near_mint,en,EUR
Hidden Grotto,BLB,Bloomburrow,254,normal,common,1,95918,4ba8f2e7-8357-4862-97dc-1942d066023a,,false,false,near_mint,en,EUR
Gateway Plaza,RNA,Ravnica Allegiance,247,normal,common,1,43618,3433a2c2-d252-4cd8-97e8-389875b2cda0,,false,false,near_mint,en,EUR
Capital City,FIN,Final Fantasy,274,normal,uncommon,1,106379,f73ce8ec-c916-48eb-ae20-c0d6d03d7145,,false,false,near_mint,en,EUR
Study Hall,C21,Commander 2021,80,normal,common,1,58649,a3de9859-98b6-4efe-847a-43bac5b1ef9f,,false,false,near_mint,en,EUR
Rupture Spire,CMR,Commander Legends,355,normal,common,1,56188,c7ef4b15-efab-4255-ac2d-7794f253aa52,,false,false,near_mint,en,EUR
Night Market,DFT,Aetherdrift,258,normal,common,1,103214,a8c1dce3-6136-4294-9d2b-5ef8527d733b,,false,false,near_mint,en,EUR
Branch of Vitu-Ghazi,MKM,Murders at Karlov Manor,258,normal,uncommon,1,90969,73a8169f-b858-47a5-9c76-2e7c50ad4ecd,,false,false,near_mint,en,EUR
Swamp,INR,Innistrad Remastered,293,normal,common,22,102530,4bc918af-527c-46d7-861d-32e9150ed3df,,false,false,near_mint,en,EUR
Forest,ACR,Assassin's Creed,109,normal,common,21,95472,b8a081ef-a2d4-4989-8b06-721f8b2c9798,,false,false,near_mint,en,EUR
